qtdb_idx,pyhearts_idx,qtdb_amplitude,pyhearts_amplitude,amplitude_diff,offset_samples,offset_ms,distance_samples
218,229,-2.535,-0.88,1.6550000000000002,11,44.0,11
724,734,-2.555,-0.995,1.56,10,40.0,10
888,899,-2.57,-1.02,1.5499999999999998,11,44.0,11
1054,1064,-2.535,-0.915,1.62,10,40.0,10
1218,1229,-2.49,-0.81,1.6800000000000002,11,44.0,11
1708,1719,-2.555,-1.0,1.5550000000000002,11,44.0,11
1870,1881,-2.57,-1.0,1.5699999999999998,11,44.0,11
2034,2046,-2.525,-0.855,1.67,12,48.0,12
2198,2209,-2.505,-0.855,1.65,11,44.0,11
2526,2538,-2.555,-0.995,1.56,12,48.0,12
2690,2701,-2.57,-1.06,1.5099999999999998,11,44.0,11
2854,2866,-2.535,-0.895,1.6400000000000001,12,48.0,12
3020,3031,-2.52,-0.88,1.6400000000000001,11,44.0,11
3528,3539,-2.54,-1.055,1.485,11,44.0,11
3698,3709,-2.535,-0.985,1.5500000000000003,11,44.0,11
3870,3881,-2.505,-0.88,1.625,11,44.0,11
4390,4400,-2.56,-0.995,1.565,10,40.0,10
4560,4571,-2.57,-1.09,1.4799999999999998,11,44.0,11
4732,4742,-2.535,-0.975,1.56,10,40.0,10
5422,5434,-2.555,-1.03,1.5250000000000001,12,48.0,12
5594,5605,-2.585,-1.08,1.505,11,44.0,11
5764,5776,-2.545,-0.935,1.6099999999999999,12,48.0,12
6622,6632,-2.57,-1.055,1.515,10,40.0,10
6792,6803,-2.57,-1.025,1.545,11,44.0,11
6964,6976,-2.525,-0.885,1.64,12,48.0,12
7650,7662,-2.555,-1.03,1.5250000000000001,12,48.0,12
7822,7833,-2.57,-1.095,1.4749999999999999,11,44.0,11
7988,8000,-2.555,-1.025,1.5300000000000002,12,48.0,12
8158,8169,-2.495,-0.86,1.6350000000000002,11,44.0,11
8666,8677,-2.545,-0.995,1.5499999999999998,11,44.0,11
8834,8845,-2.54,-1.095,1.445,11,44.0,11
9000,9011,-2.555,-1.06,1.495,11,44.0,11
9166,9178,-2.495,-0.855,1.6400000000000001,12,48.0,12
9842,9853,-2.53,-1.065,1.4649999999999999,11,44.0,11
10010,10020,-2.56,-1.08,1.48,10,40.0,10
10180,10192,-2.535,-0.98,1.5550000000000002,12,48.0,12
10352,10364,-2.5,-0.86,1.6400000000000001,12,48.0,12
10696,10707,-2.53,-0.97,1.5599999999999998,11,44.0,11
10866,10877,-2.585,-1.1,1.4849999999999999,11,44.0,11
11034,11045,-2.585,-0.995,1.5899999999999999,11,44.0,11
11204,11216,-2.525,-0.925,1.5999999999999999,12,48.0,12
11892,11903,-2.57,-1.075,1.4949999999999999,11,44.0,11
12064,12074,-2.57,-1.01,1.5599999999999998,10,40.0,10
12234,12246,-2.555,-0.905,1.6500000000000001,12,48.0,12
12926,12936,-2.57,-1.04,1.5299999999999998,10,40.0,10
13094,13105,-2.585,-1.06,1.525,11,44.0,11
13266,13277,-2.54,-0.91,1.63,11,44.0,11
14302,14313,-2.555,-1.11,1.445,11,44.0,11
14474,14485,-2.57,-1.02,1.5499999999999998,11,44.0,11
14646,14657,-2.52,-0.905,1.615,11,44.0,11
14816,14827,-2.52,-0.925,1.595,11,44.0,11
15648,15660,-2.54,-1.03,1.51,12,48.0,12
15812,15823,-2.58,-1.05,1.53,11,44.0,11
15978,15990,-2.525,-0.87,1.6549999999999998,12,48.0,12
16146,16158,-2.5,-0.84,1.6600000000000001,12,48.0,12
16828,16839,-2.57,-1.02,1.5499999999999998,11,44.0,11
17000,17010,-2.57,-1.01,1.5599999999999998,10,40.0,10
17170,17182,-2.53,-0.86,1.67,12,48.0,12
17688,17698,-2.535,-0.945,1.5900000000000003,10,40.0,10
17856,17867,-2.555,-1.03,1.5250000000000001,11,44.0,11
18022,18034,-2.555,-1.025,1.5300000000000002,12,48.0,12
18192,18204,-2.495,-0.865,1.6300000000000001,12,48.0,12
18866,18878,-2.555,-1.015,1.5400000000000003,12,48.0,12
19034,19044,-2.56,-0.98,1.58,10,40.0,10
19200,19212,-2.505,-0.895,1.6099999999999999,12,48.0,12
19700,19711,-2.57,-1.04,1.5299999999999998,11,44.0,11
19864,19876,-2.605,-1.1,1.505,12,48.0,12
20030,20041,-2.57,-0.955,1.6149999999999998,11,44.0,11
20704,20715,-2.555,-1.08,1.475,11,44.0,11
20872,20882,-2.57,-1.085,1.4849999999999999,10,40.0,10
21042,21053,-2.555,-0.995,1.56,11,44.0,11
21720,21731,-2.555,-1.12,1.435,11,44.0,11
21888,21900,-2.585,-1.07,1.515,12,48.0,12
22060,22071,-2.555,-1.03,1.5250000000000001,11,44.0,11
22742,22753,-2.55,-1.055,1.4949999999999999,11,44.0,11
22910,22920,-2.56,-1.125,1.435,10,40.0,10
23078,23089,-2.505,-0.865,1.64,11,44.0,11
23248,23259,-2.49,-0.895,1.5950000000000002,11,44.0,11
23928,23938,-2.54,-1.045,1.495,10,40.0,10
24092,24103,-2.57,-1.08,1.4899999999999998,11,44.0,11
24258,24270,-2.535,-0.935,1.6,12,48.0,12
24424,24435,-2.52,-0.925,1.595,11,44.0,11
25082,25092,-2.545,-1.06,1.4849999999999999,10,40.0,10
25246,25257,-2.57,-1.06,1.5099999999999998,11,44.0,11
25410,25421,-2.53,-0.925,1.6049999999999998,11,44.0,11
26222,26234,-2.56,-1.07,1.49,12,48.0,12
26384,26394,-2.57,-1.005,1.565,10,40.0,10
26546,26557,-2.51,-0.93,1.5799999999999996,11,44.0,11
27380,27392,-2.525,-1.03,1.4949999999999999,12,48.0,12
27548,27559,-2.55,-1.08,1.4699999999999998,11,44.0,11
27716,27727,-2.535,-0.97,1.5650000000000002,11,44.0,11
28736,28747,-2.555,-1.095,1.4600000000000002,11,44.0,11
28904,28915,-2.58,-1.13,1.4500000000000002,11,44.0,11
29576,29587,-2.54,-0.995,1.545,11,44.0,11
29742,29753,-2.555,-1.11,1.445,11,44.0,11
29906,29917,-2.56,-1.08,1.48,11,44.0,11
30072,30082,-2.52,-0.96,1.56,10,40.0,10
30568,30580,-2.505,-0.975,1.5299999999999998,12,48.0,12
30732,30744,-2.54,-1.085,1.455,12,48.0,12
30894,30905,-2.54,-0.995,1.545,11,44.0,11
31058,31070,-2.52,-0.955,1.565,12,48.0,12
31548,31559,-2.54,-1.02,1.52,11,44.0,11
31712,31722,-2.57,-1.11,1.4599999999999997,10,40.0,10
31872,31882,-2.555,-1.065,1.4900000000000002,10,40.0,10
32034,32045,-2.505,-0.88,1.625,11,44.0,11
32520,32530,-2.505,-1.05,1.4549999999999998,10,40.0,10
32680,32690,-2.535,-1.13,1.4050000000000002,10,40.0,10
32840,32851,-2.54,-1.07,1.47,11,44.0,11
33000,33012,-2.51,-0.975,1.5349999999999997,12,48.0,12
33648,33660,-2.525,-1.115,1.41,12,48.0,12
33810,33821,-2.525,-1.065,1.46,11,44.0,11
33972,33983,-2.495,-0.96,1.5350000000000001,11,44.0,11
34134,34144,-2.475,-0.965,1.5100000000000002,10,40.0,10
34620,34631,-2.505,-1.08,1.4249999999999998,11,44.0,11
34780,34792,-2.55,-1.06,1.4899999999999998,12,48.0,12
34944,34954,-2.525,-1.015,1.51,10,40.0,10
35106,35117,-2.495,-0.94,1.5550000000000002,11,44.0,11
35758,35769,-2.56,-1.115,1.445,11,44.0,11
35918,35930,-2.555,-1.05,1.5050000000000001,12,48.0,12
36402,36413,-2.535,-1.0,1.5350000000000001,11,44.0,11
36724,36735,-2.555,-1.065,1.4900000000000002,11,44.0,11
36882,36894,-2.555,-1.11,1.445,12,48.0,12
37042,37053,-2.525,-0.96,1.565,11,44.0,11
37202,37213,-2.49,-0.905,1.5850000000000002,11,44.0,11
37362,37372,-2.475,-0.915,1.56,10,40.0,10
37520,37530,-2.495,-0.99,1.5050000000000001,10,40.0,10
37676,37688,-2.54,-1.07,1.47,12,48.0,12
37834,37844,-2.555,-1.045,1.5100000000000002,10,40.0,10
37990,38002,-2.525,-0.93,1.5949999999999998,12,48.0,12
38148,38159,-2.495,-0.93,1.565,11,44.0,11
38308,38320,-2.5,-0.925,1.575,12,48.0,12
38470,38481,-2.505,-1.02,1.4849999999999999,11,44.0,11
38630,38641,-2.555,-1.105,1.4500000000000002,11,44.0,11
38790,38801,-2.555,-1.03,1.5250000000000001,11,44.0,11
38952,38963,-2.51,-0.97,1.5399999999999998,11,44.0,11
39440,39450,-2.495,-0.995,1.5,10,40.0,10
39602,39613,-2.53,-1.125,1.4049999999999998,11,44.0,11
39762,39774,-2.555,-1.07,1.485,12,48.0,12
39926,39937,-2.495,-0.925,1.57,11,44.0,11
40088,40099,-2.485,-0.945,1.54,11,44.0,11
40572,40582,-2.55,-1.085,1.4649999999999999,10,40.0,10
40730,40742,-2.555,-1.07,1.485,12,48.0,12
40890,40901,-2.505,-0.945,1.56,11,44.0,11
41520,41530,-2.54,-1.07,1.47,10,40.0,10
41672,41684,-2.57,-1.145,1.4249999999999998,12,48.0,12
41828,41839,-2.555,-1.015,1.5400000000000003,11,44.0,11
41982,41993,-2.52,-0.94,1.58,11,44.0,11
42136,42146,-2.52,-0.96,1.56,10,40.0,10
42442,42452,-2.555,-1.08,1.475,10,40.0,10
42594,42604,-2.555,-1.12,1.435,10,40.0,10
42744,42754,-2.555,-1.115,1.4400000000000002,10,40.0,10
42898,42909,-2.51,-0.975,1.5349999999999997,11,44.0,11
43050,43062,-2.49,-0.935,1.5550000000000002,12,48.0,12
43364,43375,-2.55,-1.085,1.4649999999999999,11,44.0,11
43520,43531,-2.57,-1.13,1.44,11,44.0,11
43676,43686,-2.555,-1.1,1.455,10,40.0,10
43834,43846,-2.52,-0.965,1.5550000000000002,12,48.0,12
43994,44005,-2.51,-1.015,1.4949999999999999,11,44.0,11
44314,44325,-2.57,-1.08,1.4899999999999998,11,44.0,11
44476,44486,-2.6,-1.2,1.4000000000000001,10,40.0,10
44634,44646,-2.58,-1.11,1.47,12,48.0,12
44798,44808,-2.52,-0.99,1.53,10,40.0,10
44960,44971,-2.525,-0.98,1.545,11,44.0,11
45450,45461,-2.53,-1.06,1.4699999999999998,11,44.0,11
45612,45623,-2.57,-1.13,1.44,11,44.0,11
45774,45785,-2.525,-1.005,1.52,11,44.0,11
45936,45947,-2.505,-0.96,1.545,11,44.0,11
46576,46587,-2.535,-1.055,1.4800000000000002,11,44.0,11
46732,46743,-2.535,-1.11,1.425,11,44.0,11
46890,46901,-2.51,-0.955,1.5549999999999997,11,44.0,11
47046,47058,-2.495,-0.925,1.57,12,48.0,12
47202,47213,-2.495,-0.995,1.5,11,44.0,11
47512,47522,-2.52,-1.045,1.475,10,40.0,10
47666,47677,-2.56,-1.2,1.36,11,44.0,11
47820,47830,-2.53,-0.975,1.5549999999999997,10,40.0,10
47974,47985,-2.495,-0.92,1.5750000000000002,11,44.0,11
48128,48140,-2.49,-0.935,1.5550000000000002,12,48.0,12
48286,48297,-2.49,-0.965,1.5250000000000004,11,44.0,11
48596,48607,-2.52,-1.04,1.48,11,44.0,11
48752,48763,-2.535,-1.095,1.4400000000000002,11,44.0,11
48906,48917,-2.515,-0.97,1.5450000000000002,11,44.0,11
49060,49072,-2.48,-0.915,1.565,12,48.0,12
49216,49226,-2.475,-0.94,1.5350000000000001,10,40.0,10
49370,49382,-2.495,-0.955,1.54,12,48.0,12
49528,49538,-2.52,-1.03,1.49,10,40.0,10
49680,49691,-2.54,-1.12,1.42,11,44.0,11
49836,49847,-2.52,-0.98,1.54,11,44.0,11
49992,50004,-2.48,-0.895,1.585,12,48.0,12
50150,50161,-2.475,-0.925,1.55,11,44.0,11
50308,50319,-2.48,-0.925,1.555,11,44.0,11
50466,50477,-2.495,-1.0,1.495,11,44.0,11
50624,50635,-2.52,-1.07,1.45,11,44.0,11
50780,50791,-2.535,-1.095,1.4400000000000002,11,44.0,11
50938,50950,-2.505,-0.9,1.605,12,48.0,12
51096,51108,-2.495,-0.955,1.54,12,48.0,12
51254,51264,-2.5,-0.99,1.51,10,40.0,10
51412,51422,-2.525,-1.03,1.4949999999999999,10,40.0,10
51566,51576,-2.545,-1.135,1.41,10,40.0,10
51720,51732,-2.54,-1.09,1.45,12,48.0,12
51880,51891,-2.505,-0.925,1.5799999999999998,11,44.0,11
52036,52048,-2.495,-0.935,1.56,12,48.0,12
52350,52360,-2.54,-1.05,1.49,10,40.0,10
52504,52514,-2.54,-1.11,1.43,10,40.0,10
52660,52671,-2.535,-1.01,1.5250000000000001,11,44.0,11
52816,52826,-2.51,-0.975,1.5349999999999997,10,40.0,10
53130,53142,-2.495,-0.995,1.5,12,48.0,12
53290,53301,-2.5,-1.03,1.47,11,44.0,11
53446,53458,-2.53,-1.06,1.4699999999999998,12,48.0,12
53602,53613,-2.57,-1.155,1.4149999999999998,11,44.0,11
53756,53767,-2.555,-1.13,1.4250000000000003,11,44.0,11
53912,53924,-2.525,-0.96,1.565,12,48.0,12
54068,54079,-2.515,-0.945,1.5700000000000003,11,44.0,11
54376,54387,-2.53,-1.055,1.4749999999999999,11,44.0,11
54528,54538,-2.55,-1.13,1.42,10,40.0,10
54678,54689,-2.555,-1.115,1.4400000000000002,11,44.0,11
54832,54844,-2.505,-0.98,1.525,12,48.0,12
54986,54998,-2.52,-0.955,1.565,12,48.0,12
55142,55152,-2.52,-1.03,1.49,10,40.0,10
55296,55307,-2.52,-1.05,1.47,11,44.0,11
55450,55461,-2.555,-1.13,1.4250000000000003,11,44.0,11
55602,55613,-2.555,-1.075,1.4800000000000002,11,44.0,11
55758,55769,-2.52,-1.025,1.495,11,44.0,11
56540,56550,-2.535,-1.17,1.3650000000000002,10,40.0,10
56696,56707,-2.54,-1.115,1.425,11,44.0,11
56856,56867,-2.51,-0.995,1.5149999999999997,11,44.0,11
57494,57505,-2.52,-1.05,1.47,11,44.0,11
57654,57665,-2.56,-1.08,1.48,11,44.0,11
57812,57824,-2.54,-1.03,1.51,12,48.0,12
57972,57983,-2.51,-1.01,1.4999999999999998,11,44.0,11
58290,58301,-2.53,-1.05,1.4799999999999998,11,44.0,11
58448,58459,-2.57,-1.13,1.44,11,44.0,11
58604,58616,-2.54,-1.09,1.45,12,48.0,12
58764,58774,-2.505,-0.97,1.535,10,40.0,10
58922,58932,-2.505,-0.995,1.5099999999999998,10,40.0,10
59080,59092,-2.525,-1.045,1.48,12,48.0,12
59240,59252,-2.525,-1.025,1.5,12,48.0,12
59562,59572,-2.56,-1.13,1.4300000000000002,10,40.0,10
59720,59731,-2.56,-1.085,1.475,11,44.0,11
59880,59891,-2.54,-0.965,1.5750000000000002,11,44.0,11
60040,60051,-2.525,-1.015,1.51,11,44.0,11
60358,60368,-2.605,-1.14,1.465,10,40.0,10
60514,60524,-2.65,-1.18,1.47,10,40.0,10
60670,60680,-2.525,-1.045,1.48,10,40.0,10
60824,60835,-2.48,-1.045,1.435,11,44.0,11
60978,60990,-2.435,-0.955,1.48,12,48.0,12
61132,61143,-2.445,-1.0,1.4449999999999998,11,44.0,11
61284,61295,-2.495,-1.11,1.385,11,44.0,11
61434,61444,-2.535,-1.22,1.3150000000000002,10,40.0,10
61588,61598,-2.52,-1.14,1.3800000000000001,10,40.0,10
61740,61751,-2.505,-1.02,1.4849999999999999,11,44.0,11
61892,61903,-2.535,-1.025,1.5100000000000002,11,44.0,11
62042,62053,-2.51,-1.045,1.4649999999999999,11,44.0,11
62192,62203,-2.52,-1.095,1.425,11,44.0,11
62340,62351,-2.56,-1.235,1.325,11,44.0,11
62488,62499,-2.57,-1.35,1.2199999999999998,11,44.0,11
62638,62649,-2.62,-1.09,1.53,11,44.0,11
62932,62944,-2.56,-1.12,1.44,12,48.0,12
63080,63091,-2.57,-1.135,1.4349999999999998,11,44.0,11
63228,63239,-2.555,-1.06,1.495,11,44.0,11
63374,63384,-2.57,-1.08,1.4899999999999998,10,40.0,10
63518,63530,-2.585,-1.165,1.42,12,48.0,12
63664,63675,-2.585,-1.155,1.43,11,44.0,11
63810,63821,-2.515,-0.895,1.62,11,44.0,11
63956,63967,-2.475,-0.835,1.6400000000000001,11,44.0,11
64098,64110,-2.455,-0.895,1.56,12,48.0,12
64242,64254,-2.475,-0.975,1.5,12,48.0,12
64386,64397,-2.535,-1.115,1.4200000000000002,11,44.0,11
64526,64538,-2.555,-1.13,1.4250000000000003,12,48.0,12
64668,64679,-2.495,-0.96,1.5350000000000001,11,44.0,11
64812,64823,-2.485,-0.885,1.5999999999999999,11,44.0,11
64956,64967,-2.48,-0.925,1.555,11,44.0,11
65100,65110,-2.49,-0.97,1.5200000000000002,10,40.0,10
65242,65253,-2.535,-1.105,1.4300000000000002,11,44.0,11
65384,65395,-2.555,-1.16,1.3950000000000002,11,44.0,11
65526,65537,-2.525,-0.975,1.5499999999999998,11,44.0,11
65672,65683,-2.495,-0.9,1.5950000000000002,11,44.0,11
65816,65828,-2.495,-0.895,1.6,12,48.0,12
65962,65974,-2.505,-0.985,1.52,12,48.0,12
66110,66121,-2.505,-1.015,1.49,11,44.0,11
66256,66267,-2.56,-1.095,1.465,11,44.0,11
66402,66412,-2.57,-1.145,1.4249999999999998,10,40.0,10
66548,66560,-2.555,-1.025,1.5300000000000002,12,48.0,12
66700,66711,-2.505,-0.925,1.5799999999999998,11,44.0,11
66850,66861,-2.495,-0.985,1.5100000000000002,11,44.0,11
67000,67010,-2.495,-0.975,1.52,10,40.0,10
67150,67162,-2.505,-1.04,1.4649999999999999,12,48.0,12
67304,67315,-2.505,-1.03,1.4749999999999999,11,44.0,11
67458,67468,-2.535,-1.115,1.4200000000000002,10,40.0,10
67608,67619,-2.58,-1.165,1.415,11,44.0,11
67760,67771,-2.57,-1.105,1.4649999999999999,11,44.0,11
67916,67926,-2.52,-0.96,1.56,10,40.0,10
68070,68081,-2.5,-1.005,1.495,11,44.0,11
68224,68235,-2.51,-1.04,1.4699999999999998,11,44.0,11
68382,68392,-2.505,-1.045,1.46,10,40.0,10
68538,68549,-2.51,-1.005,1.505,11,44.0,11
68694,68706,-2.525,-1.045,1.48,12,48.0,12
68850,68860,-2.555,-1.1,1.455,10,40.0,10
69002,69013,-2.54,-1.1,1.44,11,44.0,11
69160,69171,-2.495,-0.945,1.5500000000000003,11,44.0,11
69316,69326,-2.465,-0.92,1.545,10,40.0,10
69470,69481,-2.475,-0.925,1.55,11,44.0,11
69626,69637,-2.485,-0.975,1.5099999999999998,11,44.0,11
69782,69792,-2.475,-0.975,1.5,10,40.0,10
69936,69948,-2.54,-1.06,1.48,12,48.0,12
70088,70099,-2.57,-1.08,1.4899999999999998,11,44.0,11
70242,70253,-2.54,-1.0,1.54,11,44.0,11
70396,70407,-2.52,-0.97,1.55,11,44.0,11
70548,70559,-2.52,-0.965,1.5550000000000002,11,44.0,11
70700,70710,-2.505,-0.975,1.5299999999999998,10,40.0,10
70850,70862,-2.515,-1.02,1.495,12,48.0,12
71002,71013,-2.555,-1.095,1.4600000000000002,11,44.0,11
71150,71161,-2.58,-1.11,1.47,11,44.0,11
71300,71312,-2.525,-0.975,1.5499999999999998,12,48.0,12
71452,71462,-2.49,-0.955,1.5350000000000001,10,40.0,10
71602,71614,-2.475,-0.975,1.5,12,48.0,12
71752,71764,-2.48,-0.985,1.495,12,48.0,12
71902,71913,-2.535,-1.06,1.475,11,44.0,11
72048,72059,-2.555,-1.085,1.4700000000000002,11,44.0,11
72194,72205,-2.54,-1.025,1.5150000000000001,11,44.0,11
72344,72354,-2.505,-0.91,1.5949999999999998,10,40.0,10
72490,72502,-2.485,-0.905,1.5799999999999998,12,48.0,12
72638,72649,-2.505,-0.975,1.5299999999999998,11,44.0,11
72786,72797,-2.535,-1.07,1.465,11,44.0,11
72932,72942,-2.57,-1.155,1.4149999999999998,10,40.0,10
73078,73090,-2.56,-1.115,1.445,12,48.0,12
73230,73240,-2.51,-0.935,1.5749999999999997,10,40.0,10
73380,73391,-2.49,-0.915,1.5750000000000002,11,44.0,11
73532,73542,-2.48,-0.935,1.545,10,40.0,10
73684,73694,-2.475,-0.99,1.485,10,40.0,10
73836,73848,-2.525,-1.06,1.4649999999999999,12,48.0,12
73988,73999,-2.555,-1.11,1.445,11,44.0,11
74142,74154,-2.56,-1.1,1.46,12,48.0,12
74296,74307,-2.505,-0.91,1.5949999999999998,11,44.0,11
74450,74461,-2.475,-0.92,1.5550000000000002,11,44.0,11
74606,74616,-2.48,-0.965,1.5150000000000001,10,40.0,10
74762,74773,-2.51,-1.0,1.5099999999999998,11,44.0,11
74920,74930,-2.555,-1.175,1.3800000000000001,10,40.0,10
75074,75084,-2.57,-1.145,1.4249999999999998,10,40.0,10
75230,75241,-2.555,-1.0,1.5550000000000002,11,44.0,11
75386,75398,-2.525,-0.95,1.575,12,48.0,12
75544,75554,-2.48,-1.055,1.425,10,40.0,10
75702,75712,-2.48,-0.97,1.51,10,40.0,10
75858,75869,-2.525,-1.035,1.49,11,44.0,11
76014,76025,-2.55,-1.115,1.4349999999999998,11,44.0,11
76166,76178,-2.535,-1.155,1.3800000000000001,12,48.0,12
76322,76334,-2.51,-0.965,1.545,12,48.0,12
76480,76490,-2.495,-1.0,1.495,10,40.0,10
76634,76645,-2.475,-0.97,1.5050000000000001,11,44.0,11
76786,76798,-2.455,-0.945,1.5100000000000002,12,48.0,12
76940,76952,-2.485,-1.03,1.4549999999999998,12,48.0,12
77092,77102,-2.525,-1.05,1.4749999999999999,10,40.0,10
77244,77254,-2.52,-1.03,1.49,10,40.0,10
77398,77408,-2.505,-0.975,1.5299999999999998,10,40.0,10
77550,77560,-2.495,-0.94,1.5550000000000002,10,40.0,10
77702,77712,-2.47,-0.96,1.5100000000000002,10,40.0,10
77854,77864,-2.465,-0.965,1.5,10,40.0,10
78006,78017,-2.525,-1.08,1.4449999999999998,11,44.0,11
78156,78168,-2.55,-1.095,1.4549999999999998,12,48.0,12
78310,78321,-2.53,-1.0,1.5299999999999998,11,44.0,11
78464,78475,-2.51,-0.945,1.565,11,44.0,11
78618,78629,-2.495,-0.925,1.57,11,44.0,11
78772,78783,-2.495,-0.98,1.5150000000000001,11,44.0,11
78928,78939,-2.51,-0.985,1.525,11,44.0,11
79084,79094,-2.555,-1.045,1.5100000000000002,10,40.0,10
79236,79247,-2.56,-1.045,1.5150000000000001,11,44.0,11
79392,79403,-2.495,-0.925,1.57,11,44.0,11
79548,79558,-2.495,-0.955,1.54,10,40.0,10
79704,79716,-2.48,-0.985,1.495,12,48.0,12
79860,79871,-2.555,-1.06,1.495,11,44.0,11
80014,80025,-2.56,-1.145,1.415,11,44.0,11
80168,80180,-2.525,-0.94,1.585,12,48.0,12
80322,80334,-2.495,-0.895,1.6,12,48.0,12
80478,80488,-2.5,-0.945,1.5550000000000002,10,40.0,10
80630,80641,-2.51,-0.985,1.525,11,44.0,11
80782,80793,-2.555,-1.065,1.4900000000000002,11,44.0,11
80932,80943,-2.55,-1.075,1.4749999999999999,11,44.0,11
81084,81096,-2.495,-0.915,1.58,12,48.0,12
81236,81247,-2.475,-0.895,1.58,11,44.0,11
81388,81400,-2.475,-0.9,1.5750000000000002,12,48.0,12
81544,81554,-2.495,-0.96,1.5350000000000001,10,40.0,10
81696,81707,-2.56,-1.11,1.45,11,44.0,11
81846,81857,-2.575,-1.045,1.5300000000000002,11,44.0,11
82002,82013,-2.515,-0.96,1.5550000000000002,11,44.0,11
82156,82168,-2.48,-0.965,1.5150000000000001,12,48.0,12
82312,82323,-2.49,-0.97,1.5200000000000002,11,44.0,11
82466,82477,-2.53,-1.04,1.4899999999999998,11,44.0,11
82618,82630,-2.565,-1.085,1.48,12,48.0,12
82774,82785,-2.55,-1.0,1.5499999999999998,11,44.0,11
82928,82939,-2.52,-0.96,1.56,11,44.0,11
83082,83094,-2.52,-0.97,1.55,12,48.0,12
83236,83247,-2.555,-1.035,1.5200000000000002,11,44.0,11
83388,83398,-2.585,-1.1,1.4849999999999999,10,40.0,10
83538,83550,-2.58,-1.075,1.5050000000000001,12,48.0,12
83692,83703,-2.52,-0.915,1.605,11,44.0,11
83846,83857,-2.495,-0.955,1.54,11,44.0,11
84000,84012,-2.495,-0.945,1.5500000000000003,12,48.0,12
84154,84165,-2.535,-1.025,1.5100000000000002,11,44.0,11
84306,84317,-2.56,-1.11,1.45,11,44.0,11
84460,84471,-2.55,-0.97,1.5799999999999998,11,44.0,11
84616,84627,-2.505,-0.94,1.565,11,44.0,11
84772,84784,-2.505,-0.97,1.535,12,48.0,12
84930,84941,-2.495,-1.02,1.475,11,44.0,11
85086,85097,-2.525,-1.12,1.4049999999999998,11,44.0,11
85238,85249,-2.56,-1.095,1.465,11,44.0,11
85396,85406,-2.505,-1.005,1.5,10,40.0,10
85552,85563,-2.49,-0.935,1.5550000000000002,11,44.0,11
85708,85718,-2.475,-1.01,1.465,10,40.0,10
85864,85875,-2.545,-1.095,1.45,11,44.0,11
86016,86026,-2.555,-1.12,1.435,10,40.0,10
86172,86183,-2.54,-0.975,1.565,11,44.0,11
86330,86341,-2.49,-0.915,1.5750000000000002,11,44.0,11
86486,86498,-2.47,-0.93,1.54,12,48.0,12
86644,86655,-2.45,-0.925,1.5250000000000001,11,44.0,11
86800,86811,-2.465,-0.99,1.4749999999999999,11,44.0,11
86954,86964,-2.52,-1.07,1.45,10,40.0,10
87106,87118,-2.535,-1.015,1.5200000000000002,12,48.0,12
87264,87274,-2.495,-0.94,1.5550000000000002,10,40.0,10
87418,87429,-2.455,-0.875,1.58,11,44.0,11
87570,87581,-2.45,-0.925,1.5250000000000001,11,44.0,11
87722,87733,-2.505,-1.01,1.4949999999999999,11,44.0,11
87872,87882,-2.525,-1.09,1.4349999999999998,10,40.0,10
88020,88031,-2.525,-0.995,1.5299999999999998,11,44.0,11
88172,88184,-2.48,-0.89,1.5899999999999999,12,48.0,12
88322,88333,-2.465,-0.89,1.5749999999999997,11,44.0,11
88472,88482,-2.46,-0.94,1.52,10,40.0,10
88620,88631,-2.505,-1.045,1.46,11,44.0,11
88766,88777,-2.55,-1.1,1.4499999999999997,11,44.0,11
88916,88928,-2.525,-0.92,1.605,12,48.0,12
89066,89077,-2.48,-0.91,1.5699999999999998,11,44.0,11
89214,89225,-2.47,-0.925,1.5450000000000002,11,44.0,11
89362,89373,-2.475,-0.995,1.48,11,44.0,11
89510,89521,-2.525,-1.065,1.46,11,44.0,11
89658,89668,-2.555,-1.06,1.495,10,40.0,10
89806,89817,-2.525,-0.945,1.58,11,44.0,11
89956,89966,-2.48,-0.91,1.5699999999999998,10,40.0,10
90104,90116,-2.475,-0.965,1.5100000000000002,12,48.0,12
90254,90265,-2.495,-0.99,1.5050000000000001,11,44.0,11
90404,90414,-2.545,-1.075,1.47,10,40.0,10
90552,90564,-2.555,-1.05,1.5050000000000001,12,48.0,12
90704,90716,-2.505,-0.945,1.56,12,48.0,12
90856,90866,-2.46,-0.915,1.545,10,40.0,10
91006,91018,-2.475,-0.985,1.4900000000000002,12,48.0,12
91160,91170,-2.52,-1.03,1.49,10,40.0,10
91310,91321,-2.56,-1.14,1.4200000000000002,11,44.0,11
91462,91473,-2.545,-0.985,1.56,11,44.0,11
91618,91629,-2.5,-0.925,1.575,11,44.0,11
91772,91783,-2.48,-0.94,1.54,11,44.0,11
91926,91938,-2.485,-0.96,1.525,12,48.0,12
92082,92094,-2.515,-1.045,1.4700000000000002,12,48.0,12
92238,92249,-2.58,-1.095,1.485,11,44.0,11
92392,92402,-2.58,-1.085,1.495,10,40.0,10
92550,92560,-2.535,-1.035,1.5000000000000002,10,40.0,10
92706,92717,-2.51,-1.04,1.4699999999999998,11,44.0,11
92864,92874,-2.505,-1.0,1.505,10,40.0,10
93022,93033,-2.525,-1.015,1.51,11,44.0,11
93180,93192,-2.58,-1.115,1.465,12,48.0,12
93338,93348,-2.57,-1.085,1.4849999999999999,10,40.0,10
93496,93506,-2.52,-0.94,1.58,10,40.0,10
93654,93664,-2.49,-0.925,1.5650000000000002,10,40.0,10
93810,93822,-2.49,-0.94,1.5500000000000003,12,48.0,12
93968,93978,-2.51,-1.065,1.4449999999999998,10,40.0,10
94122,94133,-2.57,-1.145,1.4249999999999998,11,44.0,11
94276,94287,-2.6,-1.095,1.5050000000000001,11,44.0,11
94432,94442,-2.555,-1.015,1.5400000000000003,10,40.0,10
94588,94598,-2.49,-0.91,1.58,10,40.0,10
94742,94754,-2.475,-0.94,1.5350000000000001,12,48.0,12
94898,94909,-2.505,-0.955,1.5499999999999998,11,44.0,11
95052,95063,-2.555,-1.055,1.5000000000000002,11,44.0,11
95202,95213,-2.58,-1.05,1.53,11,44.0,11
95356,95367,-2.525,-0.92,1.605,11,44.0,11
95508,95520,-2.495,-0.88,1.6150000000000002,12,48.0,12
95660,95671,-2.47,-0.925,1.5450000000000002,11,44.0,11
95812,95822,-2.475,-0.925,1.55,10,40.0,10
95962,95973,-2.5,-0.94,1.56,11,44.0,11
96114,96125,-2.56,-1.08,1.48,11,44.0,11
96264,96274,-2.56,-1.025,1.5350000000000001,10,40.0,10
96416,96426,-2.52,-0.915,1.605,10,40.0,10
96566,96577,-2.48,-0.91,1.5699999999999998,11,44.0,11
96718,96729,-2.46,-0.915,1.545,11,44.0,11
96870,96881,-2.475,-0.975,1.5,11,44.0,11
97022,97034,-2.555,-1.03,1.5250000000000001,12,48.0,12
97174,97184,-2.57,-1.045,1.525,10,40.0,10
97326,97337,-2.54,-0.96,1.58,11,44.0,11
97480,97491,-2.505,-0.925,1.5799999999999998,11,44.0,11
97634,97644,-2.49,-0.96,1.5300000000000002,10,40.0,10
97788,97799,-2.52,-0.955,1.565,11,44.0,11
97944,97955,-2.555,-1.045,1.5100000000000002,11,44.0,11
98098,98108,-2.57,-1.09,1.4799999999999998,10,40.0,10
98254,98264,-2.535,-0.905,1.6300000000000001,10,40.0,10
98408,98420,-2.52,-0.955,1.565,12,48.0,12
98564,98575,-2.51,-0.97,1.5399999999999998,11,44.0,11
98720,98732,-2.525,-0.965,1.56,12,48.0,12
98876,98887,-2.57,-1.085,1.4849999999999999,11,44.0,11
99026,99037,-2.585,-1.11,1.4749999999999999,11,44.0,11
99180,99192,-2.555,-0.975,1.58,12,48.0,12
99334,99346,-2.525,-0.93,1.5949999999999998,12,48.0,12
99488,99499,-2.495,-0.92,1.5750000000000002,11,44.0,11
99640,99652,-2.49,-0.94,1.5500000000000003,12,48.0,12
99792,99803,-2.535,-1.04,1.495,11,44.0,11
99940,99951,-2.57,-1.095,1.4749999999999999,11,44.0,11
100090,100100,-2.555,-1.015,1.5400000000000003,10,40.0,10
100242,100252,-2.51,-0.85,1.6599999999999997,10,40.0,10
100392,100403,-2.48,-0.875,1.605,11,44.0,11
100542,100553,-2.49,-0.94,1.5500000000000003,11,44.0,11
100692,100702,-2.525,-1.12,1.4049999999999998,10,40.0,10
100838,100849,-2.58,-1.06,1.52,11,44.0,11
100984,100995,-2.57,-1.02,1.5499999999999998,11,44.0,11
101134,101146,-2.535,-1.025,1.5100000000000002,12,48.0,12
101284,101295,-2.495,-0.96,1.5350000000000001,11,44.0,11
101434,101444,-2.48,-0.94,1.54,10,40.0,10
101584,101594,-2.525,-0.99,1.535,10,40.0,10
101732,101743,-2.57,-1.145,1.4249999999999998,11,44.0,11
101884,101895,-2.565,-1.045,1.52,11,44.0,11
102036,102047,-2.52,-0.925,1.595,11,44.0,11
102188,102199,-2.48,-0.925,1.555,11,44.0,11
102340,102351,-2.49,-0.91,1.58,11,44.0,11
102492,102502,-2.515,-0.99,1.5250000000000001,10,40.0,10
102642,102652,-2.56,-1.04,1.52,10,40.0,10
102792,102804,-2.555,-0.995,1.56,12,48.0,12
102946,102958,-2.52,-0.905,1.615,12,48.0,12
103102,103112,-2.48,-0.935,1.545,10,40.0,10
103254,103266,-2.485,-0.925,1.5599999999999998,12,48.0,12
103408,103420,-2.495,-0.95,1.5450000000000002,12,48.0,12
103562,103572,-2.54,-1.06,1.48,10,40.0,10
103714,103726,-2.56,-1.08,1.48,12,48.0,12
103870,103881,-2.535,-0.96,1.5750000000000002,11,44.0,11
104024,104034,-2.49,-0.93,1.56,10,40.0,10
104178,104188,-2.495,-0.925,1.57,10,40.0,10
104332,104343,-2.495,-0.97,1.5250000000000001,11,44.0,11
104484,104496,-2.54,-1.05,1.49,12,48.0,12
104636,104648,-2.57,-1.09,1.4799999999999998,12,48.0,12
104788,104798,-2.54,-0.955,1.585,10,40.0,10
104940,104952,-2.49,-0.94,1.5500000000000003,12,48.0,12
105094,105105,-2.46,-0.91,1.5499999999999998,11,44.0,11
105248,105259,-2.465,-0.92,1.545,11,44.0,11
105400,105411,-2.485,-0.955,1.5299999999999998,11,44.0,11
105552,105563,-2.555,-1.095,1.4600000000000002,11,44.0,11
105702,105712,-2.57,-1.07,1.4999999999999998,10,40.0,10
105854,105866,-2.535,-0.94,1.5950000000000002,12,48.0,12
106008,106019,-2.49,-0.9,1.5900000000000003,11,44.0,11
106162,106172,-2.5,-0.94,1.56,10,40.0,10
106314,106325,-2.485,-0.985,1.5,11,44.0,11
106466,106477,-2.545,-0.99,1.555,11,44.0,11
106618,106628,-2.56,-1.265,1.2950000000000002,10,40.0,10
106770,106781,-2.57,-1.005,1.565,11,44.0,11
106924,106935,-2.485,-0.86,1.625,11,44.0,11
107078,107090,-2.465,-0.895,1.5699999999999998,12,48.0,12
107232,107244,-2.485,-0.9,1.585,12,48.0,12
107388,107398,-2.555,-0.995,1.56,10,40.0,10
107540,107551,-2.6,-1.06,1.54,11,44.0,11
107696,107708,-2.555,-0.995,1.56,12,48.0,12
107852,107863,-2.505,-0.91,1.5949999999999998,11,44.0,11
108010,108021,-2.48,-0.945,1.5350000000000001,11,44.0,11
108166,108178,-2.495,-0.955,1.54,12,48.0,12
108322,108334,-2.555,-1.0,1.5550000000000002,12,48.0,12
108480,108490,-2.585,-1.06,1.525,10,40.0,10
108638,108649,-2.555,-0.945,1.6100000000000003,11,44.0,11
108796,108807,-2.52,-0.925,1.595,11,44.0,11
108954,108965,-2.505,-0.945,1.56,11,44.0,11
109112,109123,-2.51,-0.96,1.5499999999999998,11,44.0,11
109272,109283,-2.535,-1.02,1.5150000000000001,11,44.0,11
109432,109442,-2.57,-1.055,1.515,10,40.0,10
109588,109600,-2.57,-1.01,1.5599999999999998,12,48.0,12
109748,109759,-2.525,-0.895,1.63,11,44.0,11
109906,109916,-2.495,-0.905,1.59,10,40.0,10
110064,110075,-2.48,-0.915,1.565,11,44.0,11
110222,110233,-2.48,-0.925,1.555,11,44.0,11
110380,110390,-2.525,-1.05,1.4749999999999999,10,40.0,10
110534,110545,-2.555,-1.015,1.5400000000000003,11,44.0,11
110688,110698,-2.52,-0.925,1.595,10,40.0,10
110842,110853,-2.475,-0.82,1.6550000000000002,11,44.0,11
110996,111007,-2.45,-0.855,1.5950000000000002,11,44.0,11
111150,111161,-2.445,-0.875,1.5699999999999998,11,44.0,11
111304,111314,-2.495,-1.0,1.495,10,40.0,10
111454,111464,-2.52,-1.01,1.51,10,40.0,10
111604,111616,-2.495,-0.86,1.6350000000000002,12,48.0,12
111758,111769,-2.47,-0.86,1.6100000000000003,11,44.0,11
111910,111921,-2.46,-0.895,1.565,11,44.0,11
112062,112073,-2.475,-0.925,1.55,11,44.0,11
112214,112224,-2.52,-1.045,1.475,10,40.0,10
112362,112372,-2.54,-1.075,1.465,10,40.0,10
112514,112524,-2.5,-0.915,1.585,10,40.0,10
112666,112676,-2.455,-0.855,1.6,10,40.0,10
112818,112829,-2.45,-0.85,1.6,11,44.0,11
112972,112984,-2.47,-0.91,1.56,12,48.0,12
113128,113138,-2.495,-0.945,1.5500000000000003,10,40.0,10
113282,113293,-2.555,-1.03,1.5250000000000001,11,44.0,11
113434,113446,-2.585,-1.01,1.575,12,48.0,12
113592,113604,-2.525,-0.865,1.66,12,48.0,12
113750,113761,-2.49,-0.875,1.6150000000000002,11,44.0,11
113906,113917,-2.5,-0.895,1.605,11,44.0,11
114064,114074,-2.495,-0.975,1.52,10,40.0,10
114220,114231,-2.535,-1.01,1.5250000000000001,11,44.0,11
114376,114388,-2.585,-1.03,1.555,12,48.0,12
114532,114544,-2.57,-0.965,1.605,12,48.0,12
114692,114703,-2.525,-0.92,1.605,11,44.0,11
114850,114861,-2.49,-0.88,1.6100000000000003,11,44.0,11
115008,115020,-2.48,-0.91,1.5699999999999998,12,48.0,12
115168,115180,-2.505,-0.995,1.5099999999999998,12,48.0,12
115328,115338,-2.555,-1.035,1.5200000000000002,10,40.0,10
115486,115496,-2.57,-1.025,1.545,10,40.0,10
115644,115655,-2.51,-0.895,1.6149999999999998,11,44.0,11
115802,115814,-2.48,-0.91,1.5699999999999998,12,48.0,12
115964,115975,-2.475,-0.96,1.5150000000000001,11,44.0,11
116124,116135,-2.48,-0.955,1.525,11,44.0,11
116282,116293,-2.535,-1.04,1.495,11,44.0,11
116440,116450,-2.57,-1.03,1.5399999999999998,10,40.0,10
116598,116608,-2.57,-0.935,1.6349999999999998,10,40.0,10
116756,116767,-2.49,-0.895,1.5950000000000002,11,44.0,11
116912,116923,-2.49,-0.89,1.6,11,44.0,11
117068,117079,-2.475,-0.91,1.565,11,44.0,11
117222,117234,-2.515,-0.955,1.56,12,48.0,12
117376,117387,-2.555,-1.015,1.5400000000000003,11,44.0,11
117528,117539,-2.555,-0.985,1.5700000000000003,11,44.0,11
117684,117695,-2.505,-0.895,1.6099999999999999,11,44.0,11
117840,117850,-2.48,-0.86,1.62,10,40.0,10
117994,118005,-2.48,-0.92,1.56,11,44.0,11
118148,118159,-2.495,-0.925,1.57,11,44.0,11
118302,118312,-2.525,-1.025,1.5,10,40.0,10
118452,118462,-2.555,-1.01,1.5450000000000002,10,40.0,10
118604,118616,-2.51,-0.87,1.6399999999999997,12,48.0,12
118756,118767,-2.49,-0.895,1.5950000000000002,11,44.0,11
118906,118916,-2.475,-0.89,1.585,10,40.0,10
119056,119068,-2.505,-0.945,1.56,12,48.0,12
119206,119217,-2.57,-1.06,1.5099999999999998,11,44.0,11
119356,119368,-2.57,-1.045,1.525,12,48.0,12
119510,119521,-2.525,-0.885,1.64,11,44.0,11
119660,119671,-2.48,-0.91,1.5699999999999998,11,44.0,11
119812,119824,-2.475,-0.975,1.5,12,48.0,12
119966,119976,-2.48,-0.935,1.545,10,40.0,10
120120,120131,-2.525,-0.995,1.5299999999999998,11,44.0,11
120274,120285,-2.585,-1.08,1.505,11,44.0,11
120426,120437,-2.555,-0.93,1.625,11,44.0,11
120580,120591,-2.49,-0.89,1.6,11,44.0,11
120734,120744,-2.465,-0.85,1.6149999999999998,10,40.0,10
120888,120899,-2.47,-0.865,1.6050000000000002,11,44.0,11
121044,121054,-2.525,-0.995,1.5299999999999998,10,40.0,10
121194,121205,-2.56,-1.03,1.53,11,44.0,11
121348,121360,-2.54,-0.925,1.615,12,48.0,12
121504,121514,-2.51,-0.88,1.63,10,40.0,10
121658,121669,-2.495,-0.89,1.605,11,44.0,11
121814,121824,-2.505,-0.945,1.56,10,40.0,10
121970,121980,-2.555,-1.08,1.475,10,40.0,10
122124,122134,-2.62,-1.13,1.4900000000000002,10,40.0,10
122276,122287,-2.59,-1.04,1.5499999999999998,11,44.0,11
122432,122442,-2.52,-1.06,1.46,10,40.0,10
122586,122597,-2.505,-0.925,1.5799999999999998,11,44.0,11
122740,122751,-2.5,-0.99,1.51,11,44.0,11
122896,122907,-2.52,-0.995,1.525,11,44.0,11
123048,123059,-2.58,-1.105,1.475,11,44.0,11
123200,123211,-2.6,-1.05,1.55,11,44.0,11
123356,123367,-2.565,-0.97,1.595,11,44.0,11
123512,123523,-2.53,-0.96,1.5699999999999998,11,44.0,11
123666,123677,-2.535,-0.99,1.5450000000000002,11,44.0,11
123820,123831,-2.535,-1.0,1.5350000000000001,11,44.0,11
123974,123985,-2.585,-1.105,1.48,11,44.0,11
124128,124138,-2.605,-1.14,1.465,10,40.0,10
124280,124291,-2.585,-1.04,1.545,11,44.0,11
124436,124447,-2.525,-0.975,1.5499999999999998,11,44.0,11
124590,124600,-2.51,-0.96,1.5499999999999998,10,40.0,10
124744,124755,-2.52,-0.955,1.565,11,44.0,11
124900,124910,-2.56,-1.06,1.5,10,40.0,10
125052,125063,-2.585,-1.115,1.47,11,44.0,11
125208,125219,-2.54,-0.98,1.56,11,44.0,11
125362,125373,-2.505,-0.995,1.5099999999999998,11,44.0,11
125516,125527,-2.52,-1.0,1.52,11,44.0,11
125672,125682,-2.55,-1.045,1.505,10,40.0,10
125826,125836,-2.585,-1.15,1.435,10,40.0,10
125978,125990,-2.585,-1.08,1.505,12,48.0,12
126134,126144,-2.525,-0.975,1.5499999999999998,10,40.0,10
126288,126299,-2.51,-1.025,1.4849999999999999,11,44.0,11
126444,126455,-2.51,-0.985,1.525,11,44.0,11
126598,126609,-2.57,-1.085,1.4849999999999999,11,44.0,11
126750,126761,-2.58,-1.06,1.52,11,44.0,11
126904,126916,-2.52,-0.93,1.5899999999999999,12,48.0,12
127678,127688,-2.615,-1.04,1.5750000000000002,10,40.0,10
127828,127840,-2.57,-1.025,1.545,12,48.0,12
127980,127991,-2.535,-0.985,1.5500000000000003,11,44.0,11
128132,128143,-2.54,-1.045,1.495,11,44.0,11
128284,128295,-2.585,-1.095,1.49,11,44.0,11
128436,128447,-2.6,-1.095,1.5050000000000001,11,44.0,11
128588,128599,-2.555,-0.925,1.6300000000000001,11,44.0,11
128740,128751,-2.51,-0.975,1.5349999999999997,11,44.0,11
128892,128903,-2.51,-0.995,1.5149999999999997,11,44.0,11
129044,129056,-2.52,-1.015,1.5050000000000001,12,48.0,12
129352,129363,-2.575,-1.115,1.4600000000000002,11,44.0,11
129506,129517,-2.555,-0.97,1.5850000000000002,11,44.0,11
129660,129671,-2.51,-0.97,1.5399999999999998,11,44.0,11
129814,129826,-2.5,-0.985,1.5150000000000001,12,48.0,12
129970,129981,-2.51,-1.01,1.4999999999999998,11,44.0,11
130126,130136,-2.545,-1.045,1.5,10,40.0,10
130280,130290,-2.555,-1.13,1.4250000000000003,10,40.0,10
130434,130444,-2.555,-1.01,1.5450000000000002,10,40.0,10
130590,130601,-2.505,-0.97,1.535,11,44.0,11
130746,130758,-2.505,-0.97,1.535,12,48.0,12
130904,130915,-2.495,-1.0,1.495,11,44.0,11
131060,131072,-2.51,-1.105,1.4049999999999998,12,48.0,12
131218,131228,-2.545,-1.115,1.43,10,40.0,10
131374,131384,-2.58,-1.175,1.405,10,40.0,10
131530,131541,-2.555,-1.025,1.5300000000000002,11,44.0,11
131688,131699,-2.51,-0.955,1.5549999999999997,11,44.0,11
131846,131857,-2.51,-1.01,1.4999999999999998,11,44.0,11
132004,132014,-2.52,-1.01,1.51,10,40.0,10
132160,132170,-2.57,-1.1,1.4699999999999998,10,40.0,10
132316,132327,-2.6,-1.14,1.4600000000000002,11,44.0,11
132472,132483,-2.57,-1.015,1.555,11,44.0,11
132630,132641,-2.53,-0.985,1.545,11,44.0,11
132788,132799,-2.53,-0.99,1.5399999999999998,11,44.0,11
132948,132959,-2.535,-1.045,1.4900000000000002,11,44.0,11
133108,133118,-2.58,-1.085,1.495,10,40.0,10
133268,133278,-2.62,-1.14,1.4800000000000002,10,40.0,10
133426,133436,-2.605,-1.08,1.525,10,40.0,10
133584,133596,-2.525,-0.93,1.5949999999999998,12,48.0,12
133744,133755,-2.495,-0.955,1.54,11,44.0,11
133902,133913,-2.495,-0.995,1.5,11,44.0,11
134060,134070,-2.55,-1.095,1.4549999999999998,10,40.0,10
134214,134226,-2.54,-1.045,1.495,12,48.0,12
134372,134383,-2.51,-0.895,1.6149999999999998,11,44.0,11
134526,134538,-2.495,-0.955,1.54,12,48.0,12
134682,134692,-2.495,-0.935,1.56,10,40.0,10
134836,134847,-2.535,-1.015,1.5200000000000002,11,44.0,11
134990,135000,-2.575,-1.105,1.4700000000000002,10,40.0,10
135140,135152,-2.57,-1.12,1.4499999999999997,12,48.0,12
135294,135306,-2.53,-0.96,1.5699999999999998,12,48.0,12
135448,135458,-2.495,-0.925,1.57,10,40.0,10
135600,135611,-2.495,-0.925,1.57,11,44.0,11
135754,135764,-2.52,-1.005,1.5150000000000001,10,40.0,10
135904,135915,-2.585,-1.095,1.49,11,44.0,11
136052,136063,-2.585,-1.05,1.535,11,44.0,11
136204,136215,-2.52,-0.895,1.625,11,44.0,11
136356,136368,-2.505,-0.94,1.565,12,48.0,12
136510,136521,-2.49,-0.97,1.5200000000000002,11,44.0,11
136664,136676,-2.495,-1.01,1.485,12,48.0,12
136820,136830,-2.555,-1.0,1.5550000000000002,10,40.0,10
136974,136984,-2.57,-1.095,1.4749999999999999,10,40.0,10
137128,137140,-2.57,-0.995,1.5749999999999997,12,48.0,12
137286,137297,-2.495,-0.925,1.57,11,44.0,11
137444,137454,-2.49,-0.955,1.5350000000000001,10,40.0,10
137604,137615,-2.505,-0.985,1.52,11,44.0,11
137766,137777,-2.515,-0.985,1.5300000000000002,11,44.0,11
137930,137940,-2.54,-1.145,1.395,10,40.0,10
138090,138101,-2.585,-1.13,1.455,11,44.0,11
138252,138263,-2.58,-1.03,1.55,11,44.0,11
138414,138425,-2.525,-0.95,1.575,11,44.0,11
138574,138585,-2.495,-0.96,1.5350000000000001,11,44.0,11
138736,138746,-2.495,-1.005,1.4900000000000002,10,40.0,10
138894,138906,-2.515,-0.995,1.52,12,48.0,12
139054,139066,-2.57,-1.08,1.4899999999999998,12,48.0,12
139212,139223,-2.585,-1.095,1.49,11,44.0,11
139370,139381,-2.54,-0.945,1.5950000000000002,11,44.0,11
139528,139538,-2.495,-0.945,1.5500000000000003,10,40.0,10
139684,139695,-2.48,-0.92,1.56,11,44.0,11
139840,139851,-2.505,-0.955,1.5499999999999998,11,44.0,11
139994,140004,-2.555,-1.045,1.5100000000000002,10,40.0,10
140146,140156,-2.57,-1.02,1.5499999999999998,10,40.0,10
140300,140312,-2.505,-0.875,1.63,12,48.0,12
140454,140465,-2.475,-0.96,1.5150000000000001,11,44.0,11
140608,140620,-2.475,-0.95,1.5250000000000001,12,48.0,12
140764,140774,-2.485,-0.975,1.5099999999999998,10,40.0,10
140916,140927,-2.54,-1.03,1.51,11,44.0,11
141068,141080,-2.535,-0.975,1.56,12,48.0,12
141224,141236,-2.48,-0.865,1.615,12,48.0,12
141380,141391,-2.455,-0.94,1.5150000000000001,11,44.0,11
141536,141546,-2.465,-0.945,1.52,10,40.0,10
141692,141702,-2.505,-0.99,1.515,10,40.0,10
141846,141856,-2.57,-1.075,1.4949999999999999,10,40.0,10
141998,142009,-2.555,-1.005,1.5500000000000003,11,44.0,11
142154,142165,-2.48,-0.88,1.6,11,44.0,11
142310,142320,-2.465,-0.945,1.52,10,40.0,10
142466,142477,-2.48,-0.95,1.53,11,44.0,11
142624,142635,-2.52,-0.995,1.525,11,44.0,11
142782,142793,-2.58,-1.145,1.435,11,44.0,11
142940,142951,-2.55,-1.02,1.5299999999999998,11,44.0,11
143098,143109,-2.485,-0.875,1.6099999999999999,11,44.0,11
143256,143267,-2.475,-0.895,1.58,11,44.0,11
143414,143425,-2.475,-0.99,1.485,11,44.0,11
143572,143583,-2.535,-1.1,1.435,11,44.0,11
143728,143739,-2.55,-1.03,1.5199999999999998,11,44.0,11
143884,143895,-2.51,-0.895,1.6149999999999998,11,44.0,11
144042,144052,-2.46,-0.945,1.5150000000000001,10,40.0,10
144198,144208,-2.455,-0.95,1.5050000000000001,10,40.0,10
144354,144365,-2.48,-1.005,1.475,11,44.0,11
144510,144521,-2.525,-1.06,1.4649999999999999,11,44.0,11
144664,144675,-2.555,-1.1,1.455,11,44.0,11
144818,144829,-2.53,-0.98,1.5499999999999998,11,44.0,11
145126,145136,-2.49,-0.995,1.495,10,40.0,10
145280,145290,-2.525,-1.065,1.46,10,40.0,10
145586,145596,-2.57,-1.01,1.5599999999999998,10,40.0,10
145738,145749,-2.525,-0.955,1.5699999999999998,11,44.0,11
145890,145901,-2.5,-0.95,1.55,11,44.0,11
146042,146053,-2.505,-0.99,1.515,11,44.0,11
146194,146206,-2.53,-1.025,1.505,12,48.0,12
146348,146358,-2.555,-1.13,1.4250000000000003,10,40.0,10
146652,146663,-2.525,-0.945,1.58,11,44.0,11
146806,146818,-2.495,-0.97,1.5250000000000001,12,48.0,12
146960,146970,-2.48,-1.015,1.465,10,40.0,10
147112,147123,-2.525,-1.1,1.4249999999999998,11,44.0,11
147262,147272,-2.57,-1.15,1.42,10,40.0,10
147412,147423,-2.54,-1.045,1.495,11,44.0,11
147566,147577,-2.505,-0.915,1.5899999999999999,11,44.0,11
147720,147732,-2.495,-0.96,1.5350000000000001,12,48.0,12
147876,147888,-2.505,-1.005,1.5,12,48.0,12
148036,148047,-2.53,-1.07,1.4599999999999997,11,44.0,11
148192,148203,-2.59,-1.13,1.46,11,44.0,11
148348,148359,-2.585,-1.07,1.515,11,44.0,11
148506,148518,-2.525,-0.955,1.5699999999999998,12,48.0,12
148666,148676,-2.495,-0.975,1.52,10,40.0,10
148824,148834,-2.51,-1.055,1.4549999999999998,10,40.0,10
148980,148991,-2.555,-1.11,1.445,11,44.0,11
149136,149146,-2.605,-1.21,1.395,10,40.0,10
149292,149302,-2.57,-1.03,1.5399999999999998,10,40.0,10
149448,149460,-2.495,-0.93,1.565,12,48.0,12
149606,149617,-2.465,-0.97,1.4949999999999999,11,44.0,11
149762,149773,-2.46,-0.97,1.49,11,44.0,11
149918,149930,-2.49,-1.025,1.4650000000000003,12,48.0,12
150074,150085,-2.56,-1.095,1.465,11,44.0,11
150230,150241,-2.605,-1.145,1.46,11,44.0,11
150384,150394,-2.57,-1.015,1.555,10,40.0,10
150538,150550,-2.525,-0.96,1.565,12,48.0,12
150694,150704,-2.51,-0.965,1.545,10,40.0,10
150846,150858,-2.51,-1.045,1.4649999999999999,12,48.0,12
151002,151012,-2.555,-1.12,1.435,10,40.0,10
151154,151166,-2.6,-1.15,1.4500000000000002,12,48.0,12
151308,151319,-2.54,-0.97,1.57,11,44.0,11
151462,151473,-2.5,-0.945,1.5550000000000002,11,44.0,11
151616,151626,-2.48,-0.995,1.4849999999999999,10,40.0,10
151768,151778,-2.495,-0.995,1.5,10,40.0,10
151920,151931,-2.525,-1.06,1.4649999999999999,11,44.0,11
152072,152083,-2.57,-1.095,1.4749999999999999,11,44.0,11
152224,152235,-2.57,-1.05,1.5199999999999998,11,44.0,11
152378,152389,-2.505,-0.91,1.5949999999999998,11,44.0,11
152534,152544,-2.49,-0.965,1.5250000000000004,10,40.0,10
152844,152855,-2.555,-1.15,1.4050000000000002,11,44.0,11
153000,153011,-2.57,-1.19,1.38,11,44.0,11
153154,153165,-2.525,-1.06,1.4649999999999999,11,44.0,11
153310,153321,-2.515,-0.975,1.54,11,44.0,11
153466,153477,-2.505,-1.045,1.46,11,44.0,11
153620,153631,-2.525,-1.075,1.45,11,44.0,11
153776,153786,-2.57,-1.13,1.44,10,40.0,10
153930,153941,-2.6,-1.165,1.435,11,44.0,11
154086,154096,-2.585,-1.075,1.51,10,40.0,10
154242,154253,-2.53,-0.995,1.5349999999999997,11,44.0,11
154400,154411,-2.52,-0.985,1.5350000000000001,11,44.0,11
154558,154569,-2.505,-1.05,1.4549999999999998,11,44.0,11
154716,154726,-2.555,-1.08,1.475,10,40.0,10
154874,154884,-2.575,-1.1,1.475,10,40.0,10
155030,155042,-2.57,-1.03,1.5399999999999998,12,48.0,12
155192,155202,-2.505,-0.97,1.535,10,40.0,10
155352,155363,-2.475,-0.99,1.485,11,44.0,11
155514,155524,-2.48,-1.065,1.415,10,40.0,10
155674,155685,-2.52,-1.145,1.375,11,44.0,11
155836,155846,-2.585,-1.2,1.385,10,40.0,10
155998,156008,-2.585,-1.15,1.435,10,40.0,10
156322,156334,-2.52,-1.06,1.46,12,48.0,12
156484,156496,-2.495,-1.085,1.4100000000000001,12,48.0,12
156964,156974,-2.525,-1.185,1.3399999999999999,10,40.0,10
157122,157132,-2.585,-1.185,1.4,10,40.0,10
157276,157287,-2.57,-1.065,1.505,11,44.0,11
157432,157444,-2.51,-0.96,1.5499999999999998,12,48.0,12
157588,157599,-2.48,-0.94,1.54,11,44.0,11
157742,157753,-2.495,-1.11,1.385,11,44.0,11
157896,157906,-2.555,-1.145,1.4100000000000001,10,40.0,10
158046,158057,-2.57,-1.095,1.4749999999999999,11,44.0,11
158198,158208,-2.515,-0.975,1.54,10,40.0,10
158348,158359,-2.48,-0.98,1.5,11,44.0,11
158496,158508,-2.48,-0.97,1.51,12,48.0,12
158646,158658,-2.515,-1.045,1.4700000000000002,12,48.0,12
158796,158807,-2.57,-1.095,1.4749999999999999,11,44.0,11
158944,158955,-2.57,-1.05,1.5199999999999998,11,44.0,11
159094,159106,-2.51,-0.92,1.5899999999999999,12,48.0,12
159246,159256,-2.495,-1.01,1.485,10,40.0,10
159398,159408,-2.495,-0.995,1.5,10,40.0,10
159548,159559,-2.505,-1.05,1.4549999999999998,11,44.0,11
159700,159711,-2.54,-1.105,1.435,11,44.0,11
159854,159864,-2.555,-1.1,1.455,10,40.0,10
160008,160018,-2.51,-0.975,1.5349999999999997,10,40.0,10
160162,160172,-2.48,-0.995,1.4849999999999999,10,40.0,10
160318,160329,-2.49,-1.06,1.4300000000000002,11,44.0,11
160474,160485,-2.525,-1.08,1.4449999999999998,11,44.0,11
160630,160641,-2.56,-1.12,1.44,11,44.0,11
160786,160798,-2.56,-1.06,1.5,12,48.0,12
160946,160958,-2.485,-1.04,1.4449999999999998,12,48.0,12
161108,161118,-2.465,-1.07,1.3949999999999998,10,40.0,10
161268,161279,-2.48,-1.04,1.44,11,44.0,11
161428,161439,-2.54,-1.145,1.395,11,44.0,11
161588,161598,-2.57,-1.255,1.315,10,40.0,10
161744,161756,-2.57,-1.075,1.4949999999999999,12,48.0,12
161906,161916,-2.515,-0.995,1.52,10,40.0,10
162064,162075,-2.505,-1.025,1.48,11,44.0,11
162224,162234,-2.525,-1.09,1.4349999999999998,10,40.0,10
162382,162394,-2.59,-1.165,1.4249999999999998,12,48.0,12
162540,162552,-2.62,-1.115,1.5050000000000001,12,48.0,12
162700,162712,-2.57,-1.005,1.565,12,48.0,12
162860,162872,-2.525,-0.98,1.545,12,48.0,12
163020,163031,-2.525,-1.045,1.48,11,44.0,11
163178,163190,-2.545,-1.04,1.505,12,48.0,12
163336,163348,-2.59,-1.14,1.45,12,48.0,12
163492,163503,-2.62,-1.17,1.4500000000000002,11,44.0,11
163648,163659,-2.57,-0.965,1.605,11,44.0,11
163804,163815,-2.525,-0.995,1.5299999999999998,11,44.0,11
163958,163970,-2.52,-1.04,1.48,12,48.0,12
164114,164125,-2.545,-1.055,1.49,11,44.0,11
164270,164280,-2.57,-1.12,1.4499999999999997,10,40.0,10
164422,164434,-2.555,-1.03,1.5250000000000001,12,48.0,12
164576,164588,-2.51,-0.925,1.5849999999999997,12,48.0,12
164730,164741,-2.48,-0.995,1.4849999999999999,11,44.0,11
164884,164895,-2.52,-1.01,1.51,11,44.0,11
165038,165048,-2.585,-1.14,1.445,10,40.0,10
165188,165200,-2.555,-0.995,1.56,12,48.0,12
165342,165354,-2.52,-0.96,1.56,12,48.0,12
165494,165506,-2.495,-1.01,1.485,12,48.0,12
165648,165659,-2.505,-0.975,1.5299999999999998,11,44.0,11
165804,165815,-2.535,-1.2,1.3350000000000002,11,44.0,11
165958,165968,-2.58,-1.245,1.335,10,40.0,10
166110,166121,-2.58,-1.01,1.57,11,44.0,11
166264,166275,-2.525,-0.945,1.58,11,44.0,11
166418,166428,-2.505,-1.04,1.4649999999999999,10,40.0,10
166572,166582,-2.495,-0.975,1.52,10,40.0,10
166728,166738,-2.535,-1.045,1.4900000000000002,10,40.0,10
166882,166892,-2.57,-1.06,1.5099999999999998,10,40.0,10
167034,167045,-2.555,-1.025,1.5300000000000002,11,44.0,11
167190,167201,-2.485,-0.92,1.565,11,44.0,11
167346,167356,-2.45,-0.95,1.5000000000000002,10,40.0,10
167502,167514,-2.465,-0.97,1.4949999999999999,12,48.0,12
167662,167672,-2.48,-1.01,1.47,10,40.0,10
167818,167829,-2.53,-1.065,1.4649999999999999,11,44.0,11
167974,167985,-2.555,-1.04,1.5150000000000001,11,44.0,11
168130,168141,-2.51,-0.955,1.5549999999999997,11,44.0,11
168286,168298,-2.495,-0.945,1.5500000000000003,12,48.0,12
168442,168454,-2.5,-0.985,1.5150000000000001,12,48.0,12
168598,168610,-2.515,-1.08,1.435,12,48.0,12
168754,168766,-2.535,-1.08,1.455,12,48.0,12
168908,168919,-2.52,-0.985,1.5350000000000001,11,44.0,11
169064,169075,-2.485,-0.925,1.5599999999999998,11,44.0,11
169222,169234,-2.48,-0.945,1.5350000000000001,12,48.0,12
169378,169390,-2.495,-1.01,1.485,12,48.0,12
169534,169545,-2.515,-1.01,1.5050000000000001,11,44.0,11
169690,169700,-2.54,-1.155,1.385,10,40.0,10
169844,169855,-2.555,-1.085,1.4700000000000002,11,44.0,11
170000,170010,-2.495,-0.965,1.5300000000000002,10,40.0,10
170154,170165,-2.495,-0.975,1.52,11,44.0,11
170308,170319,-2.52,-1.025,1.495,11,44.0,11
170460,170470,-2.585,-1.165,1.42,10,40.0,10
170612,170622,-2.585,-1.075,1.51,10,40.0,10
170766,170778,-2.52,-0.96,1.56,12,48.0,12
170922,170933,-2.495,-0.99,1.5050000000000001,11,44.0,11
171078,171088,-2.49,-1.03,1.4600000000000002,10,40.0,10
171232,171243,-2.505,-1.065,1.44,11,44.0,11
171388,171398,-2.555,-1.13,1.4250000000000003,10,40.0,10
171540,171552,-2.57,-1.065,1.505,12,48.0,12
171698,171709,-2.525,-1.035,1.49,11,44.0,11
171854,171865,-2.495,-1.02,1.475,11,44.0,11
172010,172020,-2.505,-1.05,1.4549999999999998,10,40.0,10
172168,172178,-2.52,-1.015,1.5050000000000001,10,40.0,10
172324,172335,-2.57,-1.11,1.4599999999999997,11,44.0,11
172478,172489,-2.575,-1.105,1.4700000000000002,11,44.0,11
172636,172648,-2.525,-0.98,1.545,12,48.0,12
172794,172805,-2.49,-0.915,1.5750000000000002,11,44.0,11
172950,172962,-2.48,-0.95,1.53,12,48.0,12
173108,173118,-2.5,-1.025,1.475,10,40.0,10
173262,173273,-2.545,-1.14,1.405,11,44.0,11
173416,173427,-2.52,-1.045,1.475,11,44.0,11
173572,173583,-2.465,-0.87,1.5949999999999998,11,44.0,11
173726,173738,-2.465,-0.915,1.5499999999999998,12,48.0,12
173882,173892,-2.465,-0.975,1.4899999999999998,10,40.0,10
174036,174047,-2.505,-1.045,1.46,11,44.0,11
174190,174200,-2.54,-1.11,1.43,10,40.0,10
174342,174353,-2.535,-0.97,1.5650000000000002,11,44.0,11
174496,174506,-2.46,-0.91,1.5499999999999998,10,40.0,10
174648,174660,-2.465,-0.915,1.5499999999999998,12,48.0,12
174802,174813,-2.485,-0.95,1.535,11,44.0,11
174956,174966,-2.525,-1.02,1.505,10,40.0,10
175108,175119,-2.585,-1.145,1.44,11,44.0,11
175258,175269,-2.585,-1.08,1.505,11,44.0,11
175410,175422,-2.53,-0.96,1.5699999999999998,12,48.0,12
175564,175575,-2.48,-0.935,1.545,11,44.0,11
175718,175729,-2.48,-0.94,1.54,11,44.0,11
175872,175884,-2.495,-1.025,1.4700000000000002,12,48.0,12
176028,176038,-2.555,-1.045,1.5100000000000002,10,40.0,10
176180,176190,-2.57,-1.08,1.4899999999999998,10,40.0,10
176334,176344,-2.51,-0.945,1.565,10,40.0,10
176488,176499,-2.495,-0.955,1.54,11,44.0,11
176644,176654,-2.48,-0.98,1.5,10,40.0,10
176800,176810,-2.48,-0.945,1.5350000000000001,10,40.0,10
176954,176965,-2.52,-1.09,1.43,11,44.0,11
177110,177121,-2.555,-1.125,1.4300000000000002,11,44.0,11
177264,177275,-2.635,-1.165,1.4699999999999998,11,44.0,11
177416,177427,-2.62,-1.17,1.4500000000000002,11,44.0,11
177574,177585,-2.51,-0.925,1.5849999999999997,11,44.0,11
177730,177741,-2.45,-0.83,1.62,11,44.0,11
177886,177896,-2.45,-0.84,1.6100000000000003,10,40.0,10
178042,178053,-2.495,-0.97,1.5250000000000001,11,44.0,11
178198,178210,-2.51,-1.03,1.4799999999999998,12,48.0,12
178356,178366,-2.51,-1.03,1.4799999999999998,10,40.0,10
178512,178523,-2.495,-1.03,1.465,11,44.0,11
178668,178678,-2.51,-1.02,1.4899999999999998,10,40.0,10
178822,178834,-2.525,-1.055,1.47,12,48.0,12
178978,178989,-2.57,-1.14,1.43,11,44.0,11
179136,179146,-2.555,-1.05,1.5050000000000001,10,40.0,10
179292,179303,-2.525,-1.015,1.51,11,44.0,11
179450,179460,-2.53,-1.005,1.525,10,40.0,10
179606,179618,-2.525,-1.055,1.47,12,48.0,12
179764,179774,-2.52,-1.02,1.5,10,40.0,10
179920,179932,-2.525,-1.06,1.4649999999999999,12,48.0,12
180078,180090,-2.55,-1.085,1.4649999999999999,12,48.0,12
180236,180247,-2.58,-1.18,1.4000000000000001,11,44.0,11
180392,180404,-2.555,-1.03,1.5250000000000001,12,48.0,12
180552,180562,-2.54,-1.07,1.47,10,40.0,10
180710,180721,-2.545,-1.045,1.5,11,44.0,11
180868,180879,-2.535,-1.05,1.485,11,44.0,11
181026,181036,-2.555,-1.02,1.5350000000000001,10,40.0,10
181180,181192,-2.555,-1.085,1.4700000000000002,12,48.0,12
181336,181347,-2.57,-1.08,1.4899999999999998,11,44.0,11
181492,181503,-2.52,-0.99,1.53,11,44.0,11
181646,181658,-2.495,-1.03,1.465,12,48.0,12
181800,181811,-2.49,-0.99,1.5000000000000002,11,44.0,11
181954,181965,-2.505,-0.995,1.5099999999999998,11,44.0,11
182108,182119,-2.54,-1.065,1.475,11,44.0,11
182262,182272,-2.56,-1.07,1.49,10,40.0,10
182416,182426,-2.51,-0.945,1.565,10,40.0,10
182570,182581,-2.485,-0.945,1.54,11,44.0,11
182724,182735,-2.465,-0.945,1.52,11,44.0,11
182878,182889,-2.465,-0.955,1.5099999999999998,11,44.0,11
183032,183043,-2.505,-0.995,1.5099999999999998,11,44.0,11
183188,183198,-2.55,-1.065,1.4849999999999999,10,40.0,10
183340,183351,-2.525,-1.0,1.525,11,44.0,11
183496,183506,-2.48,-0.9,1.58,10,40.0,10
183650,183661,-2.475,-0.96,1.5150000000000001,11,44.0,11
183806,183818,-2.52,-1.015,1.5050000000000001,12,48.0,12
183964,183975,-2.555,-1.08,1.475,11,44.0,11
184120,184131,-2.57,-0.995,1.5749999999999997,11,44.0,11
184278,184290,-2.495,-0.91,1.585,12,48.0,12
184438,184448,-2.465,-0.94,1.525,10,40.0,10
184596,184607,-2.48,-0.955,1.525,11,44.0,11
184756,184766,-2.535,-1.05,1.485,10,40.0,10
184914,184924,-2.57,-1.105,1.4649999999999999,10,40.0,10
185072,185082,-2.525,-0.96,1.565,10,40.0,10
185228,185239,-2.48,-0.91,1.5699999999999998,11,44.0,11
185386,185397,-2.475,-0.99,1.485,11,44.0,11
185544,185555,-2.51,-1.06,1.4499999999999997,11,44.0,11
185702,185712,-2.565,-1.09,1.4749999999999999,10,40.0,10
185856,185867,-2.56,-1.035,1.5250000000000001,11,44.0,11
186012,186023,-2.475,-0.86,1.6150000000000002,11,44.0,11
186168,186178,-2.46,-0.905,1.555,10,40.0,10
186322,186333,-2.495,-0.995,1.5,11,44.0,11
186478,186488,-2.535,-1.06,1.475,10,40.0,10
186628,186640,-2.52,-0.925,1.595,12,48.0,12
186780,186791,-2.465,-0.91,1.5549999999999997,11,44.0,11
186932,186944,-2.45,-0.935,1.5150000000000001,12,48.0,12
187084,187096,-2.505,-1.045,1.46,12,48.0,12
187236,187246,-2.55,-1.085,1.4649999999999999,10,40.0,10
187388,187399,-2.51,-0.94,1.5699999999999998,11,44.0,11
187538,187550,-2.485,-0.96,1.525,12,48.0,12
187688,187700,-2.48,-0.955,1.525,12,48.0,12
187838,187849,-2.505,-1.06,1.4449999999999998,11,44.0,11
187988,187998,-2.555,-1.095,1.4600000000000002,10,40.0,10
188136,188147,-2.525,-0.995,1.5299999999999998,11,44.0,11
188286,188297,-2.475,-0.925,1.55,11,44.0,11
188438,188449,-2.46,-0.945,1.5150000000000001,11,44.0,11
188590,188601,-2.465,-0.965,1.5,11,44.0,11
188744,188754,-2.525,-1.045,1.48,10,40.0,10
188898,188909,-2.56,-1.085,1.475,11,44.0,11
189054,189064,-2.505,-0.96,1.545,10,40.0,10
189210,189221,-2.49,-0.98,1.5100000000000002,11,44.0,11
189366,189377,-2.495,-1.025,1.4700000000000002,11,44.0,11
189526,189536,-2.495,-1.04,1.455,10,40.0,10
189684,189694,-2.52,-1.07,1.45,10,40.0,10
189844,189854,-2.555,-1.1,1.455,10,40.0,10
190004,190014,-2.53,-0.975,1.5549999999999997,10,40.0,10
190162,190172,-2.48,-0.995,1.4849999999999999,10,40.0,10
190322,190332,-2.465,-0.96,1.505,10,40.0,10
190482,190493,-2.455,-1.005,1.4500000000000002,11,44.0,11
190644,190654,-2.485,-0.995,1.4899999999999998,10,40.0,10
190804,190814,-2.525,-1.085,1.44,10,40.0,10
190960,190972,-2.505,-0.98,1.525,12,48.0,12
191120,191131,-2.48,-0.96,1.52,11,44.0,11
191278,191289,-2.48,-0.96,1.52,11,44.0,11
191436,191447,-2.52,-1.06,1.46,11,44.0,11
191590,191601,-2.57,-1.13,1.44,11,44.0,11
191744,191754,-2.57,-1.03,1.5399999999999998,10,40.0,10
191900,191911,-2.52,-0.945,1.5750000000000002,11,44.0,11
192054,192066,-2.505,-0.995,1.5099999999999998,12,48.0,12
192210,192221,-2.52,-1.03,1.49,11,44.0,11
192366,192377,-2.57,-1.13,1.44,11,44.0,11
192520,192531,-2.57,-1.045,1.525,11,44.0,11
192676,192686,-2.495,-0.945,1.5500000000000003,10,40.0,10
192830,192840,-2.485,-0.975,1.5099999999999998,10,40.0,10
192984,192995,-2.505,-1.04,1.4649999999999999,11,44.0,11
193138,193149,-2.57,-1.095,1.4749999999999999,11,44.0,11
193292,193302,-2.585,-1.06,1.525,10,40.0,10
193446,193458,-2.525,-0.975,1.5499999999999998,12,48.0,12
193602,193613,-2.505,-0.98,1.525,11,44.0,11
193760,193770,-2.505,-0.99,1.515,10,40.0,10
193916,193927,-2.505,-1.04,1.4649999999999999,11,44.0,11
194072,194083,-2.555,-1.135,1.4200000000000002,11,44.0,11
194228,194238,-2.585,-1.09,1.4949999999999999,10,40.0,10
194384,194395,-2.53,-0.985,1.545,11,44.0,11
194542,194553,-2.495,-0.975,1.52,11,44.0,11
194700,194711,-2.48,-0.99,1.49,11,44.0,11
194858,194868,-2.515,-1.045,1.4700000000000002,10,40.0,10
195014,195024,-2.58,-1.145,1.435,10,40.0,10
195168,195180,-2.555,-1.04,1.5150000000000001,12,48.0,12
195326,195337,-2.495,-0.94,1.5550000000000002,11,44.0,11
195486,195497,-2.48,-0.995,1.4849999999999999,11,44.0,11
195646,195656,-2.475,-0.975,1.5,10,40.0,10
195804,195815,-2.525,-1.08,1.4449999999999998,11,44.0,11
195960,195971,-2.555,-1.13,1.4250000000000003,11,44.0,11
196120,196130,-2.52,-0.98,1.54,10,40.0,10
196280,196291,-2.475,-0.955,1.52,11,44.0,11
196440,196451,-2.465,-0.955,1.5099999999999998,11,44.0,11
196600,196611,-2.48,-0.965,1.5150000000000001,11,44.0,11
196760,196771,-2.535,-1.13,1.4050000000000002,11,44.0,11
196920,196931,-2.54,-1.065,1.475,11,44.0,11
197082,197093,-2.485,-0.925,1.5599999999999998,11,44.0,11
197244,197255,-2.45,-0.955,1.495,11,44.0,11
197404,197416,-2.46,-0.96,1.5,12,48.0,12
197564,197575,-2.495,-1.045,1.4500000000000002,11,44.0,11
197722,197732,-2.54,-1.065,1.475,10,40.0,10
197878,197888,-2.52,-0.995,1.525,10,40.0,10
198034,198044,-2.455,-0.93,1.525,10,40.0,10
198186,198197,-2.465,-0.935,1.5299999999999998,11,44.0,11
198338,198349,-2.495,-1.015,1.4800000000000002,11,44.0,11
198488,198498,-2.555,-1.11,1.445,10,40.0,10
198638,198649,-2.525,-0.975,1.5499999999999998,11,44.0,11
198790,198801,-2.49,-0.925,1.5650000000000002,11,44.0,11
198942,198953,-2.485,-0.97,1.515,11,44.0,11
199094,199104,-2.485,-1.01,1.4749999999999999,10,40.0,10
199246,199257,-2.54,-1.06,1.48,11,44.0,11
199398,199408,-2.55,-1.045,1.505,10,40.0,10
199550,199562,-2.485,-0.925,1.5599999999999998,12,48.0,12
199706,199716,-2.46,-0.94,1.52,10,40.0,10
199860,199870,-2.465,-0.965,1.5,10,40.0,10
200014,200024,-2.52,-1.085,1.435,10,40.0,10
200168,200179,-2.57,-1.08,1.4899999999999998,11,44.0,11
200324,200336,-2.535,-0.995,1.54,12,48.0,12
200484,200495,-2.485,-0.965,1.52,11,44.0,11
200642,200654,-2.505,-1.035,1.47,12,48.0,12
200802,200812,-2.535,-1.05,1.485,10,40.0,10
200958,200969,-2.585,-1.13,1.455,11,44.0,11
201116,201128,-2.605,-1.095,1.51,12,48.0,12
201276,201288,-2.525,-0.98,1.545,12,48.0,12
201436,201447,-2.485,-0.995,1.4899999999999998,11,44.0,11
201594,201605,-2.505,-0.995,1.5099999999999998,11,44.0,11
201754,201764,-2.525,-1.055,1.47,10,40.0,10
201912,201923,-2.58,-1.125,1.455,11,44.0,11
202070,202081,-2.57,-1.025,1.545,11,44.0,11
202230,202241,-2.48,-0.975,1.505,11,44.0,11
202390,202401,-2.475,-0.985,1.4900000000000002,11,44.0,11
202548,202559,-2.49,-1.01,1.4800000000000002,11,44.0,11
202706,202716,-2.54,-1.08,1.46,10,40.0,10
202860,202871,-2.57,-1.085,1.4849999999999999,11,44.0,11
203016,203027,-2.51,-0.975,1.5349999999999997,11,44.0,11
203172,203182,-2.48,-0.95,1.53,10,40.0,10
203324,203335,-2.495,-1.01,1.485,11,44.0,11
203478,203488,-2.555,-1.13,1.4250000000000003,10,40.0,10
203630,203640,-2.57,-1.105,1.4649999999999999,10,40.0,10
203782,203792,-2.505,-0.945,1.56,10,40.0,10
203936,203946,-2.475,-0.925,1.55,10,40.0,10
204088,204098,-2.465,-0.955,1.5099999999999998,10,40.0,10
204242,204252,-2.525,-1.08,1.4449999999999998,10,40.0,10
204394,204404,-2.555,-1.15,1.4050000000000002,10,40.0,10
204548,204558,-2.52,-0.96,1.56,10,40.0,10
204702,204713,-2.475,-0.915,1.56,11,44.0,11
204856,204867,-2.47,-0.95,1.5200000000000002,11,44.0,11
205012,205023,-2.475,-0.99,1.485,11,44.0,11
205168,205179,-2.52,-1.07,1.45,11,44.0,11
205324,205335,-2.58,-1.155,1.425,11,44.0,11
205482,205493,-2.51,-0.96,1.5499999999999998,11,44.0,11
205640,205652,-2.48,-0.95,1.53,12,48.0,12
205800,205810,-2.455,-0.96,1.495,10,40.0,10
205958,205969,-2.495,-1.045,1.4500000000000002,11,44.0,11
206118,206129,-2.535,-1.11,1.425,11,44.0,11
206276,206288,-2.495,-0.98,1.5150000000000001,12,48.0,12
206436,206447,-2.48,-0.985,1.495,11,44.0,11
206594,206606,-2.49,-1.03,1.4600000000000002,12,48.0,12
206754,206765,-2.49,-1.02,1.4700000000000002,11,44.0,11
206914,206925,-2.495,-1.025,1.4700000000000002,11,44.0,11
207076,207086,-2.52,-1.055,1.465,10,40.0,10
207236,207246,-2.54,-1.14,1.4000000000000001,10,40.0,10
207396,207407,-2.51,-0.975,1.5349999999999997,11,44.0,11
207556,207567,-2.49,-0.94,1.5500000000000003,11,44.0,11
207718,207730,-2.47,-1.005,1.4650000000000003,12,48.0,12
207880,207891,-2.475,-0.975,1.5,11,44.0,11
208042,208053,-2.51,-1.005,1.505,11,44.0,11
208204,208214,-2.55,-1.08,1.4699999999999998,10,40.0,10
208362,208373,-2.58,-1.11,1.47,11,44.0,11
208524,208535,-2.52,-0.97,1.55,11,44.0,11
208686,208696,-2.48,-0.955,1.525,10,40.0,10
208848,208859,-2.48,-1.0,1.48,11,44.0,11
209008,209020,-2.495,-1.025,1.4700000000000002,12,48.0,12
209170,209180,-2.555,-1.13,1.4250000000000003,10,40.0,10
209328,209339,-2.57,-1.065,1.505,11,44.0,11
209488,209499,-2.525,-1.0,1.525,11,44.0,11
209648,209659,-2.495,-0.97,1.5250000000000001,11,44.0,11
209806,209816,-2.49,-1.005,1.4850000000000003,10,40.0,10
209964,209974,-2.49,-1.015,1.4750000000000003,10,40.0,10
210122,210133,-2.545,-1.075,1.47,11,44.0,11
210280,210291,-2.585,-1.12,1.4649999999999999,11,44.0,11
210438,210448,-2.54,-0.97,1.57,10,40.0,10
210594,210606,-2.505,-0.94,1.565,12,48.0,12
210750,210762,-2.48,-0.965,1.5150000000000001,12,48.0,12
210906,210917,-2.49,-0.975,1.5150000000000001,11,44.0,11
211062,211072,-2.535,-1.08,1.455,10,40.0,10
211216,211227,-2.57,-1.095,1.4749999999999999,11,44.0,11
211370,211381,-2.555,-0.985,1.5700000000000003,11,44.0,11
211524,211536,-2.465,-0.875,1.5899999999999999,12,48.0,12
211680,211690,-2.445,-0.935,1.5099999999999998,10,40.0,10
211836,211846,-2.45,-0.97,1.4800000000000002,10,40.0,10
211992,212004,-2.51,-1.045,1.4649999999999999,12,48.0,12
212150,212160,-2.54,-1.045,1.495,10,40.0,10
212306,212317,-2.5,-0.945,1.5550000000000002,11,44.0,11
212464,212476,-2.465,-0.92,1.545,12,48.0,12
212624,212634,-2.45,-0.935,1.5150000000000001,10,40.0,10
212780,212792,-2.52,-1.04,1.48,12,48.0,12
212936,212947,-2.555,-1.095,1.4600000000000002,11,44.0,11
213092,213104,-2.51,-0.98,1.5299999999999998,12,48.0,12
213248,213260,-2.465,-0.91,1.5549999999999997,12,48.0,12
213406,213417,-2.435,-0.91,1.525,11,44.0,11
213564,213574,-2.48,-1.015,1.465,10,40.0,10
213720,213731,-2.535,-1.08,1.455,11,44.0,11
213876,213886,-2.51,-0.995,1.5149999999999997,10,40.0,10
214034,214045,-2.45,-0.93,1.52,11,44.0,11
214192,214203,-2.45,-0.945,1.5050000000000003,11,44.0,11
214350,214361,-2.475,-0.965,1.5100000000000002,11,44.0,11
214508,214519,-2.545,-1.1,1.4449999999999998,11,44.0,11
214666,214676,-2.555,-1.1,1.455,10,40.0,10
214822,214832,-2.495,-0.945,1.5500000000000003,10,40.0,10
214980,214990,-2.45,-0.9,1.5500000000000003,10,40.0,10
215136,215147,-2.465,-0.975,1.4899999999999998,11,44.0,11
215294,215305,-2.485,-1.005,1.48,11,44.0,11
215452,215463,-2.555,-1.12,1.435,11,44.0,11
215606,215618,-2.58,-1.085,1.495,12,48.0,12
215762,215774,-2.505,-0.925,1.5799999999999998,12,48.0,12
215922,215932,-2.47,-0.95,1.5200000000000002,10,40.0,10
216078,216089,-2.465,-1.015,1.45,11,44.0,11
216236,216246,-2.535,-1.11,1.425,10,40.0,10
216392,216402,-2.555,-1.125,1.4300000000000002,10,40.0,10
216550,216560,-2.495,-0.95,1.5450000000000002,10,40.0,10
216706,216717,-2.47,-0.955,1.5150000000000001,11,44.0,11
216864,216874,-2.48,-0.995,1.4849999999999999,10,40.0,10
217022,217033,-2.52,-1.03,1.49,11,44.0,11
217178,217189,-2.57,-1.13,1.44,11,44.0,11
217334,217346,-2.545,-1.015,1.53,12,48.0,12
217494,217504,-2.48,-0.975,1.505,10,40.0,10
217654,217664,-2.475,-0.975,1.5,10,40.0,10
217812,217822,-2.475,-0.975,1.5,10,40.0,10
217970,217981,-2.525,-1.08,1.4449999999999998,11,44.0,11
218128,218139,-2.6,-1.15,1.4500000000000002,11,44.0,11
218286,218296,-2.57,-1.07,1.4999999999999998,10,40.0,10
218446,218456,-2.52,-1.01,1.51,10,40.0,10
218606,218618,-2.495,-1.01,1.485,12,48.0,12
218768,218778,-2.475,-1.005,1.4700000000000002,10,40.0,10
218928,218939,-2.505,-1.055,1.45,11,44.0,11
219090,219100,-2.555,-1.13,1.4250000000000003,10,40.0,10
219248,219259,-2.585,-1.13,1.455,11,44.0,11
219408,219420,-2.52,-0.98,1.54,12,48.0,12
219570,219580,-2.485,-0.95,1.535,10,40.0,10
219728,219740,-2.48,-0.98,1.5,12,48.0,12
219888,219899,-2.5,-0.975,1.525,11,44.0,11
220048,220058,-2.535,-1.06,1.475,10,40.0,10
220206,220217,-2.585,-1.1,1.4849999999999999,11,44.0,11
220364,220375,-2.535,-0.96,1.5750000000000002,11,44.0,11
220524,220534,-2.48,-0.96,1.52,10,40.0,10
220682,220692,-2.465,-0.975,1.4899999999999998,10,40.0,10
220840,220852,-2.51,-1.045,1.4649999999999999,12,48.0,12
220998,221009,-2.555,-1.095,1.4600000000000002,11,44.0,11
221154,221165,-2.545,-1.075,1.47,11,44.0,11
221310,221322,-2.495,-0.93,1.565,12,48.0,12
221468,221479,-2.465,-0.945,1.52,11,44.0,11
221626,221636,-2.455,-0.96,1.495,10,40.0,10
221782,221793,-2.505,-1.045,1.46,11,44.0,11
221938,221950,-2.56,-1.14,1.4200000000000002,12,48.0,12
222094,222105,-2.555,-1.055,1.5000000000000002,11,44.0,11
222250,222261,-2.5,-0.91,1.5899999999999999,11,44.0,11
222406,222417,-2.47,-0.95,1.5200000000000002,11,44.0,11
222564,222574,-2.48,-0.99,1.49,10,40.0,10
222720,222731,-2.505,-1.035,1.47,11,44.0,11
222876,222887,-2.58,-1.18,1.4000000000000001,11,44.0,11
223032,223043,-2.605,-1.13,1.475,11,44.0,11
223190,223200,-2.535,-0.99,1.5450000000000002,10,40.0,10
223346,223357,-2.52,-1.0,1.52,11,44.0,11
223504,223516,-2.495,-0.995,1.5,12,48.0,12
223664,223674,-2.495,-1.005,1.4900000000000002,10,40.0,10
223824,223834,-2.555,-1.1,1.455,10,40.0,10
223982,223993,-2.59,-1.165,1.4249999999999998,11,44.0,11
224140,224150,-2.555,-0.995,1.56,10,40.0,10
224300,224310,-2.49,-0.975,1.5150000000000001,10,40.0,10
224458,224469,-2.52,-1.045,1.475,11,44.0,11
224616,224627,-2.555,-1.06,1.495,11,44.0,11
224774,224784,-2.575,-1.07,1.5050000000000001,10,40.0,10
